<?xml version="1.0" encoding="UTF-8"?>
<project-private xmlns="http://www.netbeans.org/ns/project-private/1">
    <editor-bookmarks xmlns="http://www.netbeans.org/ns/editor-bookmarks/2" lastBookmarkId="0"/>
    <open-files xmlns="http://www.netbeans.org/ns/projectui-open-files/2">
        <group>
            <file>file:/C:/Users/tienl/Documents/NetBeansProjects/Quan_ly_sinh_vien/src/com/teamvietdev/view/HocVienJPanel.java</file>
            <file>file:/C:/Users/tienl/Documents/NetBeansProjects/Quan_ly_sinh_vien/src/com/teamvietdev/qhv/bean/DanhMucBean.java</file>
            <file>file:/C:/Users/tienl/Documents/NetBeansProjects/Quan_ly_sinh_vien/src/com/teamvietdev/qhv/model/Hocvien.java</file>
            <file>file:/C:/Users/tienl/Documents/NetBeansProjects/Quan_ly_sinh_vien/src/com/teamvietdev/qhv/controlle/ChuyenManHinhController.java</file>
            <file>file:/C:/Users/tienl/Documents/NetBeansProjects/Quan_ly_sinh_vien/src/com/teamvietdev/qhv/main/Main.java</file>
            <file>file:/C:/Users/tienl/Documents/NetBeansProjects/Quan_ly_sinh_vien/src/com/teamvietdev/qhv/model/Khoahoc.java</file>
            <file>file:/C:/Users/tienl/Documents/NetBeansProjects/Quan_ly_sinh_vien/src/com/teamvietdev/view/NewJFrame.java</file>
            <file>file:/C:/Users/tienl/Documents/NetBeansProjects/Quan_ly_sinh_vien/src/com/teamvietdev/qhv/model/Lophoc.java</file>
        </group>
    </open-files>
</project-private>
